id,type,app,module,message,DES.src,DES.dst,TOPO.src,TOPO.dst,module.src,service,time_in,time_out,time_emit,time_reception
4,COMP_M,3,3_01,M.USER.APP.3,3,7,4,0,None,0.05,101.00002,101.05002,100.0,101.00002
1,COMP_M,0,0_01,M.USER.APP.0,0,4,1,0,None,0.05,102.00001,102.05001,100.0,102.00001
2,COMP_M,1,1_01,M.USER.APP.1,1,5,2,0,None,0.05,102.00001,102.05001,100.0,102.00001
3,COMP_M,2,2_01,M.USER.APP.2,2,6,3,0,None,0.05,104.00002,104.05002,100.0,104.00002
8,COMP_M,3,3_01,M.USER.APP.3,3,7,4,0,None,0.05,201.00002,201.05002000000002,200.0,201.00002
5,COMP_M,0,0_01,M.USER.APP.0,0,4,1,0,None,0.05,202.00001,202.05001000000001,200.0,202.00001
6,COMP_M,1,1_01,M.USER.APP.1,1,5,2,0,None,0.05,202.00001,202.05001000000001,200.0,202.00001
7,COMP_M,2,2_01,M.USER.APP.2,2,6,3,0,None,0.05,204.00002,204.05002000000002,200.0,204.00002
12,COMP_M,3,3_01,M.USER.APP.3,3,7,4,0,None,0.05,301.00002,301.05002,300.0,301.00002
9,COMP_M,0,0_01,M.USER.APP.0,0,4,1,0,None,0.05,302.00001,302.05001,300.0,302.00001
10,COMP_M,1,1_01,M.USER.APP.1,1,5,2,0,None,0.05,302.00001,302.05001,300.0,302.00001
11,COMP_M,2,2_01,M.USER.APP.2,2,6,3,0,None,0.05,304.00001999999995,304.05001999999996,300.0,304.00001999999995
16,COMP_M,3,3_01,M.USER.APP.3,3,7,4,0,None,0.05,401.00002,401.05002,400.0,401.00002
13,COMP_M,0,0_01,M.USER.APP.0,0,4,1,0,None,0.05,402.00001,402.05001,400.0,402.00001
14,COMP_M,1,1_01,M.USER.APP.1,1,5,2,0,None,0.05,402.00001,402.05001,400.0,402.00001
15,COMP_M,2,2_01,M.USER.APP.2,2,6,3,0,None,0.05,404.00001999999995,404.05001999999996,400.0,404.00001999999995
20,COMP_M,3,3_01,M.USER.APP.3,3,7,4,0,None,0.05,501.00002,501.05002,500.0,501.00002
17,COMP_M,0,0_01,M.USER.APP.0,0,4,1,0,None,0.05,502.00001,502.05001,500.0,502.00001
18,COMP_M,1,1_01,M.USER.APP.1,1,5,2,0,None,0.05,502.00001,502.05001,500.0,502.00001
19,COMP_M,2,2_01,M.USER.APP.2,2,6,3,0,None,0.05,504.00001999999995,504.05001999999996,500.0,504.00001999999995
24,COMP_M,3,3_01,M.USER.APP.3,3,7,4,0,None,0.05,601.00002,601.0500199999999,600.0,601.00002
21,COMP_M,0,0_01,M.USER.APP.0,0,4,1,0,None,0.05,602.00001,602.0500099999999,600.0,602.00001
22,COMP_M,1,1_01,M.USER.APP.1,1,5,2,0,None,0.05,602.00001,602.0500099999999,600.0,602.00001
23,COMP_M,2,2_01,M.USER.APP.2,2,6,3,0,None,0.05,604.00002,604.0500199999999,600.0,604.00002
28,COMP_M,3,3_01,M.USER.APP.3,3,7,4,0,None,0.05,701.00002,701.0500199999999,700.0,701.00002
25,COMP_M,0,0_01,M.USER.APP.0,0,4,1,0,None,0.05,702.00001,702.0500099999999,700.0,702.00001
26,COMP_M,1,1_01,M.USER.APP.1,1,5,2,0,None,0.05,702.00001,702.0500099999999,700.0,702.00001
27,COMP_M,2,2_01,M.USER.APP.2,2,6,3,0,None,0.05,704.00002,704.0500199999999,700.0,704.00002
32,COMP_M,3,3_01,M.USER.APP.3,3,7,4,0,None,0.05,801.00002,801.0500199999999,800.0,801.00002
29,COMP_M,0,0_01,M.USER.APP.0,0,4,1,0,None,0.05,802.00001,802.0500099999999,800.0,802.00001
30,COMP_M,1,1_01,M.USER.APP.1,1,5,2,0,None,0.05,802.00001,802.0500099999999,800.0,802.00001
31,COMP_M,2,2_01,M.USER.APP.2,2,6,3,0,None,0.05,804.00002,804.0500199999999,800.0,804.00002
36,COMP_M,3,3_01,M.USER.APP.3,3,7,4,0,None,0.05,901.00002,901.0500199999999,900.0,901.00002
33,COMP_M,0,0_01,M.USER.APP.0,0,4,1,0,None,0.05,902.00001,902.0500099999999,900.0,902.00001
34,COMP_M,1,1_01,M.USER.APP.1,1,5,2,0,None,0.05,902.00001,902.0500099999999,900.0,902.00001
35,COMP_M,2,2_01,M.USER.APP.2,2,6,3,0,None,0.05,904.00002,904.0500199999999,900.0,904.00002
